{
  "generation_timestamp": "2025-09-16T17:39:40.668732",
  "datasets": {
    "customers": 100,
    "transactions": 500,
    "products": 20
  },
  "total_size_kb": 52.392578125,
  "generation_time_seconds": 0.025069
}